<?xml version="1.0" encoding="UTF-8" standalone="no"?>
<?fileVersion 4.0.0?>

<cproject storage_type_id="org.eclipse.cdt.core.XmlProjectDescriptionStorage">
	<storageModule moduleId="org.eclipse.cdt.core.settings">
		<cconfiguration id="cdt.managedbuild.config.gnu.exe.debug.624903609">
			<storageModule buildSystemId="org.eclipse.cdt.managedbuilder.core.configurationDataProvider" id="cdt.managedbuild.config.gnu.exe.debug.624903609" moduleId="org.eclipse.cdt.core.settings" name="Debug">
				<externalSettings/>
				<extensions>
					<extension id="org.eclipse.cdt.core.ELF" point="org.eclipse.cdt.core.BinaryParser"/>
					<extension id="org.eclipse.cdt.core.GmakeErrorParser" point="org.eclipse.cdt.core.ErrorParser"/>
					<extension id="org.eclipse.cdt.core.CWDLocator" point="org.eclipse.cdt.core.ErrorParser"/>
					<extension id="org.eclipse.cdt.core.GCCErrorParser" point="org.eclipse.cdt.core.ErrorParser"/>
					<extension id="org.eclipse.cdt.core.GASErrorParser" point="org.eclipse.cdt.core.ErrorParser"/>
					<extension id="org.eclipse.cdt.core.GLDErrorParser" point="org.eclipse.cdt.core.ErrorParser"/>
				</extensions>
			</storageModule>
			<storageModule moduleId="cdtBuildSystem" version="4.0.0">
				<configuration artifactName="${ProjName}" buildArtefactType="org.eclipse.cdt.build.core.buildArtefactType.exe" buildProperties="org.eclipse.cdt.build.core.buildType=org.eclipse.cdt.build.core.buildType.debug,org.eclipse.cdt.build.core.buildArtefactType=org.eclipse.cdt.build.core.buildArtefactType.exe" cleanCommand="rm -rf" description="" id="cdt.managedbuild.config.gnu.exe.debug.624903609" name="Debug" parent="cdt.managedbuild.config.gnu.exe.debug">
					<folderInfo id="cdt.managedbuild.config.gnu.exe.debug.624903609." name="/" resourcePath="">
						<toolChain id="cdt.managedbuild.toolchain.gnu.exe.debug.1821137212" name="Linux GCC" superClass="cdt.managedbuild.toolchain.gnu.exe.debug">
							<targetPlatform id="cdt.managedbuild.target.gnu.platform.exe.debug.966932383" name="Debug Platform" superClass="cdt.managedbuild.target.gnu.platform.exe.debug"/>
							<builder arguments="--makefile=Makefile --directory=KERN_SRC" autoBuildTarget="modules" cleanBuildTarget="clean" enableAutoBuild="true" enableCleanBuild="true" enabledIncrementalBuild="true" id="cdt.managedbuild.target.gnu.builder.exe.debug.1877168035" incrementalBuildTarget="modules" managedBuildOn="false" name="Gnu Make Builder.Debug" superClass="cdt.managedbuild.target.gnu.builder.exe.debug"/>
							<tool id="cdt.managedbuild.tool.gnu.archiver.base.2121714968" name="GCC Archiver" superClass="cdt.managedbuild.tool.gnu.archiver.base"/>
							<tool id="cdt.managedbuild.tool.gnu.cpp.compiler.exe.debug.1495018219" name="GCC C++ Compiler" superClass="cdt.managedbuild.tool.gnu.cpp.compiler.exe.debug">
								<option id="gnu.cpp.compiler.exe.debug.option.optimization.level.670219936" superClass="gnu.cpp.compiler.exe.debug.option.optimization.level" value="gnu.cpp.compiler.optimization.level.none" valueType="enumerated"/>
								<option id="gnu.cpp.compiler.exe.debug.option.debugging.level.57872619" superClass="gnu.cpp.compiler.exe.debug.option.debugging.level" value="gnu.cpp.compiler.debugging.level.max" valueType="enumerated"/>
							</tool>
							<tool id="cdt.managedbuild.tool.gnu.c.compiler.exe.debug.1072848344" name="GCC C Compiler" superClass="cdt.managedbuild.tool.gnu.c.compiler.exe.debug">
								<option defaultValue="gnu.c.optimization.level.none" id="gnu.c.compiler.exe.debug.option.optimization.level.1762177025" superClass="gnu.c.compiler.exe.debug.option.optimization.level" valueType="enumerated"/>
								<option id="gnu.c.compiler.exe.debug.option.debugging.level.973632001" superClass="gnu.c.compiler.exe.debug.option.debugging.level" value="gnu.c.debugging.level.max" valueType="enumerated"/>
								<option id="gnu.c.compiler.option.preprocessor.def.symbols.916492686" superClass="gnu.c.compiler.option.preprocessor.def.symbols" valueType="definedSymbols">
									<listOptionValue builtIn="false" value="__KERNEL__=1"/>
									<listOptionValue builtIn="false" value="MODULE=1"/>
									<listOptionValue builtIn="false" value="CONFIG_I2C=1"/>
									<listOptionValue builtIn="false" value="CONFIG_SPI=1"/>
									<listOptionValue builtIn="false" value="CONFIG_BLOCK=1"/>
									<listOptionValue builtIn="false" value="CONFIG_PM=1"/>
								</option>
								<option id="gnu.c.compiler.option.include.paths.1973952749" superClass="gnu.c.compiler.option.include.paths" valueType="includePath">
									<listOptionValue builtIn="false" value="/home/batch2/Desktop/DD/linux-3.3.6/include/"/>
									<listOptionValue builtIn="false" value="/home/batch2/Desktop/DD/linux-3.3.6/arch/x86/include/"/>
								</option>
								<inputType id="cdt.managedbuild.tool.gnu.c.compiler.input.2002381155" superClass="cdt.managedbuild.tool.gnu.c.compiler.input"/>
							</tool>
							<tool id="cdt.managedbuild.tool.gnu.c.linker.exe.debug.1689867199" name="GCC C Linker" superClass="cdt.managedbuild.tool.gnu.c.linker.exe.debug">
								<inputType id="cdt.managedbuild.tool.gnu.c.linker.input.1874623626" superClass="cdt.managedbuild.tool.gnu.c.linker.input">
									<additionalInput kind="additionalinputdependency" paths="$(USER_OBJS)"/>
									<additionalInput kind="additionalinput" paths="$(LIBS)"/>
								</inputType>
							</tool>
							<tool id="cdt.managedbuild.tool.gnu.cpp.linker.exe.debug.1642181114" name="GCC C++ Linker" superClass="cdt.managedbuild.tool.gnu.cpp.linker.exe.debug"/>
							<tool id="cdt.managedbuild.tool.gnu.assembler.exe.debug.1361399091" name="GCC Assembler" superClass="cdt.managedbuild.tool.gnu.assembler.exe.debug">
								<inputType id="cdt.managedbuild.tool.gnu.assembler.input.406919037" superClass="cdt.managedbuild.tool.gnu.assembler.input"/>
							</tool>
						</toolChain>
					</folderInfo>
					<sourceEntries>
						<entry flags="VALUE_WORKSPACE_PATH|RESOLVED" kind="sourcePath" name="KERN_SRC"/>
					</sourceEntries>
				</configuration>
			</storageModule>
			<storageModule moduleId="scannerConfiguration">
				<autodiscovery enabled="true" problemReportingEnabled="true" selectedProfileId=""/>
				<profile id="org.eclipse.cdt.make.core.GCCStandardMakePerProjectProfile">
					<buildOutputProvider>
						<openAction enabled="true" filePath=""/>
						<parser enabled="true"/>
					</buildOutputProvider>
					<scannerInfoProvider id="specsFile">
						<runAction arguments="-E -P -v -dD ${plugin_state_location}/${specs_file}" command="gcc" useDefault="true"/>
						<parser enabled="true"/>
					</scannerInfoProvider>
				</profile>
				<profile id="org.eclipse.cdt.make.core.GCCStandardMakePerFileProfile">
					<buildOutputProvider>
						<openAction enabled="true" filePath=""/>
						<parser enabled="true"/>
					</buildOutputProvider>
					<scannerInfoProvider id="makefileGenerator">
						<runAction arguments="-E -P -v -dD" command="" useDefault="true"/>
						<parser enabled="true"/>
					</scannerInfoProvider>
				</profile>
				<profile id="org.eclipse.cdt.managedbuilder.core.GCCManagedMakePerProjectProfile">
					<buildOutputProvider>
						<openAction enabled="true" filePath=""/>
						<parser enabled="true"/>
					</buildOutputProvider>
					<scannerInfoProvider id="specsFile">
						<runAction arguments="-E -P -v -dD ${plugin_state_location}/${specs_file}" command="gcc" useDefault="true"/>
						<parser enabled="true"/>
					</scannerInfoProvider>
				</profile>
				<profile id="org.eclipse.cdt.managedbuilder.core.GCCManagedMakePerProjectProfileCPP">
					<buildOutputProvider>
						<openAction enabled="true" filePath=""/>
						<parser enabled="true"/>
					</buildOutputProvider>
					<scannerInfoProvider id="specsFile">
						<runAction arguments="-E -P -v -dD ${plugin_state_location}/specs.cpp" command="g++" useDefault="true"/>
						<parser enabled="true"/>
					</scannerInfoProvider>
				</profile>
				<profile id="org.eclipse.cdt.managedbuilder.core.GCCManagedMakePerProjectProfileC">
					<buildOutputProvider>
						<openAction enabled="true" filePath=""/>
						<parser enabled="true"/>
					</buildOutputProvider>
					<scannerInfoProvider id="specsFile">
						<runAction arguments="-E -P -v -dD ${plugin_state_location}/specs.c" command="gcc" useDefault="true"/>
						<parser enabled="true"/>
					</scannerInfoProvider>
				</profile>
				<profile id="org.eclipse.cdt.managedbuilder.core.GCCWinManagedMakePerProjectProfile">
					<buildOutputProvider>
						<openAction enabled="true" filePath=""/>
						<parser enabled="true"/>
					</buildOutputProvider>
					<scannerInfoProvider id="specsFile">
						<runAction arguments="-c 'gcc -E -P -v -dD &quot;${plugin_state_location}/${specs_file}&quot;'" command="sh" useDefault="true"/>
						<parser enabled="true"/>
					</scannerInfoProvider>
				</profile>
				<profile id="org.eclipse.cdt.managedbuilder.core.GCCWinManagedMakePerProjectProfileCPP">
					<buildOutputProvider>
						<openAction enabled="true" filePath=""/>
						<parser enabled="true"/>
					</buildOutputProvider>
					<scannerInfoProvider id="specsFile">
						<runAction arguments="-c 'g++ -E -P -v -dD &quot;${plugin_state_location}/specs.cpp&quot;'" command="sh" useDefault="true"/>
						<parser enabled="true"/>
					</scannerInfoProvider>
				</profile>
				<profile id="org.eclipse.cdt.managedbuilder.core.GCCWinManagedMakePerProjectProfileC">
					<buildOutputProvider>
						<openAction enabled="true" filePath=""/>
						<parser enabled="true"/>
					</buildOutputProvider>
					<scannerInfoProvider id="specsFile">
						<runAction arguments="-c 'gcc -E -P -v -dD &quot;${plugin_state_location}/specs.c&quot;'" command="sh" useDefault="true"/>
						<parser enabled="true"/>
					</scannerInfoProvider>
				</profile>
				<scannerConfigBuildInfo instanceId="cdt.managedbuild.config.gnu.exe.debug.624903609;cdt.managedbuild.config.gnu.exe.debug.624903609.;cdt.managedbuild.tool.gnu.c.compiler.exe.debug.1072848344;cdt.managedbuild.tool.gnu.c.compiler.input.2002381155">
					<autodiscovery enabled="true" problemReportingEnabled="true" selectedProfileId="org.eclipse.cdt.managedbuilder.core.GCCManagedMakePerProjectProfileC"/>
					<profile id="org.eclipse.cdt.make.core.GCCStandardMakePerProjectProfile">
						<buildOutputProvider>
							<openAction enabled="true" filePath=""/>
							<parser enabled="true"/>
						</buildOutputProvider>
						<scannerInfoProvider id="specsFile">
							<runAction arguments="-E -P -v -dD ${plugin_state_location}/${specs_file}" command="gcc" useDefault="true"/>
							<parser enabled="true"/>
						</scannerInfoProvider>
					</profile>
					<profile id="org.eclipse.cdt.make.core.GCCStandardMakePerFileProfile">
						<buildOutputProvider>
							<openAction enabled="true" filePath=""/>
							<parser enabled="true"/>
						</buildOutputProvider>
						<scannerInfoProvider id="makefileGenerator">
							<runAction arguments="-E -P -v -dD" command="" useDefault="true"/>
							<parser enabled="true"/>
						</scannerInfoProvider>
					</profile>
					<profile id="org.eclipse.cdt.managedbuilder.core.GCCManagedMakePerProjectProfile">
						<buildOutputProvider>
							<openAction enabled="true" filePath=""/>
							<parser enabled="true"/>
						</buildOutputProvider>
						<scannerInfoProvider id="specsFile">
							<runAction arguments="-E -P -v -dD ${plugin_state_location}/${specs_file}" command="gcc" useDefault="true"/>
							<parser enabled="true"/>
						</scannerInfoProvider>
					</profile>
					<profile id="org.eclipse.cdt.managedbuilder.core.GCCManagedMakePerProjectProfileCPP">
						<buildOutputProvider>
							<openAction enabled="true" filePath=""/>
							<parser enabled="true"/>
						</buildOutputProvider>
						<scannerInfoProvider id="specsFile">
							<runAction arguments="-E -P -v -dD ${plugin_state_location}/specs.cpp" command="g++" useDefault="true"/>
							<parser enabled="true"/>
						</scannerInfoProvider>
					</profile>
					<profile id="org.eclipse.cdt.managedbuilder.core.GCCManagedMakePerProjectProfileC">
						<buildOutputProvider>
							<openAction enabled="true" filePath=""/>
							<parser enabled="true"/>
						</buildOutputProvider>
						<scannerInfoProvider id="specsFile">
							<runAction arguments="-E -P -v -dD ${plugin_state_location}/specs.c" command="gcc" useDefault="true"/>
							<parser enabled="true"/>
						</scannerInfoProvider>
					</profile>
					<profile id="org.eclipse.cdt.managedbuilder.core.GCCWinManagedMakePerProjectProfile">
						<buildOutputProvider>
							<openAction enabled="true" filePath=""/>
							<parser enabled="true"/>
						</buildOutputProvider>
						<scannerInfoProvider id="specsFile">
							<runAction arguments="-c 'gcc -E -P -v -dD &quot;${plugin_state_location}/${specs_file}&quot;'" command="sh" useDefault="true"/>
							<parser enabled="true"/>
						</scannerInfoProvider>
					</profile>
					<profile id="org.eclipse.cdt.managedbuilder.core.GCCWinManagedMakePerProjectProfileCPP">
						<buildOutputProvider>
							<openAction enabled="true" filePath=""/>
							<parser enabled="true"/>
						</buildOutputProvider>
						<scannerInfoProvider id="specsFile">
							<runAction arguments="-c 'g++ -E -P -v -dD &quot;${plugin_state_location}/specs.cpp&quot;'" command="sh" useDefault="true"/>
							<parser enabled="true"/>
						</scannerInfoProvider>
					</profile>
					<profile id="org.eclipse.cdt.managedbuilder.core.GCCWinManagedMakePerProjectProfileC">
						<buildOutputProvider>
							<openAction enabled="true" filePath=""/>
							<parser enabled="true"/>
						</buildOutputProvider>
						<scannerInfoProvider id="specsFile">
							<runAction arguments="-c 'gcc -E -P -v -dD &quot;${plugin_state_location}/specs.c&quot;'" command="sh" useDefault="true"/>
							<parser enabled="true"/>
						</scannerInfoProvider>
					</profile>
				</scannerConfigBuildInfo>
			</storageModule>
			<storageModule moduleId="org.eclipse.cdt.core.externalSettings"/>
			<storageModule moduleId="org.eclipse.cdt.make.core.buildtargets">
				<buildTargets>
					<target name="modules" path="" targetID="org.eclipse.cdt.build.MakeTargetBuilder">
						<buildCommand>make</buildCommand>
						<buildArguments>--makefile=Makefile --directory=KERN_SRC</buildArguments>
						<buildTarget>modules</buildTarget>
						<stopOnError>true</stopOnError>
						<useDefaultCommand>true</useDefaultCommand>
						<runAllBuilders>true</runAllBuilders>
					</target>
					<target name="clean" path="" targetID="org.eclipse.cdt.build.MakeTargetBuilder">
						<buildCommand>make</buildCommand>
						<buildArguments>--makefile=Makefile --directory=KERN_SRC</buildArguments>
						<buildTarget>clean</buildTarget>
						<stopOnError>true</stopOnError>
						<useDefaultCommand>true</useDefaultCommand>
						<runAllBuilders>true</runAllBuilders>
					</target>
				</buildTargets>
			</storageModule>
		</cconfiguration>
	</storageModule>
	<storageModule moduleId="cdtBuildSystem" version="4.0.0">
		<project id="Ass13.cdt.managedbuild.target.gnu.exe.1471706299" name="Executable" projectType="cdt.managedbuild.target.gnu.exe"/>
	</storageModule>
</cproject>
